Sett.#,Date,Loaded Miles,Empty Miles,Inv.,QP,Total Inv.,RPM,Sales Comm.,%,RPM,Driver Salary,Add. Driver Pay,Ext. Carrier,%,RPM,Fuel,MPG,%,RPM,Fuel Disc.,Exp.,%,RPM,Ot. Pay,SubTtl,Net Rev.,%,RPM
5760,2026-08-03,2650.3,395.7,6720,0,6720,2.21,0,0,0,-1320.9,0,0,0,0,-2661.72,6.101,39.61,0.87,0,-106.08,1.58,0.03,0,4088.7,2631.3,39.16,0.86
5761,2026-08-03,2984.3,225.2,6139,0,6139,1.91,0,0,0,-1399.2,-5,0,0,0,-3101.36,5.457,50.52,0.97,0,-531.73,8.66,0.17,0,5037.29,1101.71,17.95,0.34
5762,2026-08-03,2709.9,337.2,7439,-82.5,7356.5,2.41,0,0,0,-1359.28,0,0,0,0,-4220.24,3.788,57.37,1.39,0,-189.41,2.57,0.06,0,5768.93,1587.57,21.58,0.52
5763,2026-08-04,2657.6,108.9,7600,-63,7537,2.72,0,0,0,-1202.59,-100,0,0,0,-2482.28,5.856,32.93,0.9,0,-344.49,4.57,0.12,0,4129.36,3407.64,45.21,1.23
5764,2026-08-04,3709.8,269.8,8900,-133.5,8766.5,2.2,0,0,0,-1929.3,-100,0,0,0,-3779.49,5.748,43.11,0.95,0,-128.98,1.47,0.03,0,5937.77,2828.73,32.27,0.71
5765,2026-08-04,3709.8,269.8,8900,-133.5,8766.5,2.2,0,0,0,-1929.3,-100,0,0,0,-3032.07,7.232,34.59,0.76,0,-95.59,1.09,0.02,0,5156.96,3609.54,41.17,0.91
5766,2026-08-05,377.2,379.8,1500,0,1500,1.98,0,0,0,-300,0,0,0,0,-660.55,6.192,44.04,0.87,0,-105.67,7.04,0.14,0,1066.22,433.78,28.92,0.57
5767,2026-08-06,2632,506.1,7100,-90,7010,2.23,0,0,0,-1307.2,0,0,0,0,-2673.68,6.259,38.14,0.85,0,-147.02,2.1,0.05,0,4127.9,2882.1,41.11,0.92
5768,2026-08-06,2643.4,166.8,7300,0,7300,2.6,0,0,0,-1228.1,-25,0,0,0,-2969.49,5.07,40.68,1.06,0,-111.42,1.53,0.04,0,4334.01,2965.99,40.63,1.06
5769,2026-08-12,2648.3,19.9,6300,-114,6186,2.32,0,0,0,-1155.52,0,0,0,0,-1278.22,11.198,20.66,0.48,0,-67.84,1.1,0.03,0,2501.58,3684.42,59.56,1.38
5770,2026-08-12,3808.7,112.5,9300,-139.5,9160.5,2.34,0,0,0,-1907.5,-100,0,0,0,-3221.7,6.727,35.17,0.82,0,-105.05,1.15,0.03,0,5334.25,3826.25,41.77,0.98
5771,2026-08-12,3561.2,382,7900,-73.5,7826.5,1.98,0,0,0,-1909.1,-50,0,0,0,-3171.66,6.745,40.52,0.8,0,-152.34,1.95,0.04,0,5283.1,2543.4,32.5,0.65
5772,2026-08-13,2716.6,439.9,7225,-155.25,7069.75,2.24,0,0,0,-1381.83,-100,0,0,0,-3979.4,4.206,56.29,1.26,0,-189.66,2.68,0.06,0,5650.89,1418.86,20.07,0.45
5773,2026-08-13,3705.3,598.7,10800,-216,10584,2.46,0,0,0,-1897.52,0,0,0,0,-3805.85,6.102,35.96,0.88,0,-196.94,1.86,0.05,0,5900.31,4683.69,44.25,1.09
5774,2026-08-14,2394.3,134.9,7800,-57,7743,3.06,0,0,0,-1051.95,0,0,0,0,-2519.78,5.358,32.54,1,0,-1256.36,16.23,0.5,0,4828.09,2914.91,37.65,1.15
5775,2026-08-14,2815,145.5,7300,-160.5,7139.5,2.41,0,0,0,-1304.15,-100,0,0,0,-3207.4,4.921,44.92,1.08,0,-182.69,2.56,0.06,0,4794.24,2345.26,32.85,0.79
5776,2026-08-14,2649.9,61.9,7025,-132.75,6892.25,2.54,0,0,0,-1203.89,-100,0,0,0,-4224.49,3.464,61.29,1.56,0,-248.76,3.61,0.09,0,5777.14,1115.11,16.18,0.41
5777,2026-08-17,3554.6,376.1,8400,-178.5,8221.5,2.09,0,0,0,-1908,-50,0,0,0,-3369.65,6.515,40.99,0.86,0,-80.35,0.98,0.02,0,5408,2813.5,34.22,0.72
5778,2026-08-17,2552.8,724,4200,0,4200,1.28,0,0,0,-1440.01,-50,0,0,0,-3557.34,4.901,84.7,1.09,0,-133.81,3.19,0.04,0,5181.16,-981.16,-23.36,-0.3
5779,2026-08-20,2748.9,497.2,6500,0,6500,2,0,0,0,-1420.66,-27,0,0,0,-3299.57,5.457,50.76,1.02,0,-142.76,2.2,0.04,0,4889.99,1610.01,24.77,0.5
5780,2026-08-21,769.8,174.9,2500,-37.5,2462.5,2.61,0,0,0,-300,0,0,0,0,-843.76,6.168,34.26,0.89,0,-220.71,8.96,0.23,0,1364.47,1098.03,44.59,1.16
5781,2026-08-21,2850.3,64.1,6700,-154.5,6545.5,2.25,0,0,0,-1280.31,0,0,0,0,-2385.97,6.856,36.45,0.82,0,-796.36,12.17,0.27,0,4462.64,2082.86,31.82,0.71
5782,2026-08-24,3189.6,178.5,7020,-117,6903,2.05,0,0,0,-1489.11,-25,0,0,0,-3301.67,5.782,47.83,0.98,0,-243.29,3.52,0.07,0,5059.07,1843.93,26.71,0.55
5783,2026-08-25,3579.9,360.3,8200,-172.5,8027.5,2.04,0,0,0,-1906.25,-175,0,0,0,-3539.69,6.397,44.09,0.9,0,-121.7,1.52,0.03,0,5742.64,2284.86,28.46,0.58
5784,2026-08-25,3549.9,439.7,10600,-52.5,10547.5,2.64,0,0,0,-1662.94,-25,0,0,0,-5547.73,4.048,52.6,1.39,0,-373.06,3.54,0.09,0,7608.73,2938.77,27.86,0.74
5785,2026-08-26,2884.2,585.8,7600,-64.5,7535.5,2.17,0,0,0,-1523.67,-100,0,0,0,-4570.14,4.202,60.65,1.32,0,-145.6,1.93,0.04,0,6339.41,1196.09,15.87,0.34
5786,2026-08-27,2239.6,170.1,5750,-51.75,5698.25,2.36,0,0,0,-1039.05,0,0,0,0,-2418.24,5.639,42.44,1,0,-91.39,1.6,0.04,0,3548.68,2149.57,37.72,0.89
5787,2026-08-28,1774.3,529.4,4180,-30,4150,1.8,0,0,0,-1000.72,-75,0,0,0,-1990.55,6.594,47.97,0.86,0,-140.2,3.38,0.06,0,3206.47,943.53,22.74,0.41
(28) Totals:,,78067.5,8654.7,196898,-2409.75,194488.25,2.24,0,0,0,-38758.05,-1307,0,0,0,-85813.69,5.512,44.12,0.99,0,-6649.26,3.42,0.08,0,132528,61960.25,31.86,0.71
